序號,詞目,音讀,,,,
1,一疕仔,tsi?t-ph?-?,,,,
2,一必一中,it-pit-it-ti?ng,,,,
3,七月半,tshit-gue?h-pu?nn/tshit-ge?h-pu?nn,,,,
4,七晏八晏,tshit-u?nn-peh-u?nn/tshit-u?nn-pueh-u?nn,,,,
5,人額,l?ng-gia?h,,,,
6,人懸漢大,l?ng-ku?n-h?n-tu?,,,,
7,入心,ji?p-sim/li?p-sim,,,,
8,刀鋩,to-m?/to-m?,,,,
9,力草,la?t-tsh?u,,,,
10,三角六肩,sann-kak-la?k-king,,,,
11,上尾,si?ng-bu?/si?ng-b?,,,,
12,上教,tsi?nn-k?,,,,
13,上無,si?ng-b?,,,,
14,下晝頓,?-t?u-t?g　又唸作e-t?u-t?g,,,,
15,久年,k?-n?,,,,
16,大人大種,tu?-l?ng-tu?-ts?ng,,,,
17,大水柴,tu?-tsu?-tsh?,,,,
18,大出,tu?-tshut,,,,
19,大出手,tu?-tshut-tshi?,,,,
20,大目孔,tu?-ba?k-kh?ng,,,,
21,大百,tu?-pah,,,,
22,大灶,tu?-ts?u,,,,
23,大身大命,tu?-sin-tu?-mi?,,,,
24,大注,tu?-t?,,,,
25,大肥,tu?-pu?,,,,
26,大張的,tu?-tiunn--?,,,,
27,大細腎,tu?-s?-si?n,,,,
28,大漢囝,tu?-h?n-ki?nn,,,,
29,大翻頭,tu?-huan-th?u,,,,
30,大嚨喉空,tu?-n?-?u-khang,,,,
31,砂馬仔??,sua-b????,,,,
32,中中仔,tiong-tiong--?,,,,
33,中範,tiong-p?n,,,,
34,五子直,g?o-j?-ti?t/g?o-l?-ti?t,,,,
35,仁仁仁,j?n-j?n-j?n/l?n-l?n-l?n,,,,
36,冇粟,ph?nn-tshik,,,,
37,反口供,hu?n-kh?u-king,,,,
38,反形,hu?n-h?ng,,,,
39,反種,h?an-ts?ng,,,,
40,反變,p?ng-p?nn,,,,
41,天公地道,thinn-kong-t?-t?/thinn-kong-tu?-t?,,,,
42,天公伯仔,thinn-kong-peh--?,,,,
43,天平,thian-p?ng,,,,
44,天狗食日,thian-k?u-tsia?h-ji?t/thian-k?u-tsia?h-li?t,,,,
45,少年人,si?u-li?n-l?ng,,,,
46,少歲,tsi?-hu?/tsi?-h?,,,,
47,引??,?n-tshu?,,,,
48,心狂火熱,sim-k?ng-hu?-jia?t/sim-k?ng-h?-lia?t,,,,
49,心花開,sim-hue-khui,,,,
50,心慒慒,sim tso-tso,,,,
51,手爪賤,tshi?-ji?u-tsi?n/tshi?-ni?u-tsi?n,,,,
52,手股頭,tshi?-k?o-th?u,,,,
53,手後曲,tshi?-?u-khiau,,,,
54,手面趁食,tshi?-b?n-th?n-tsia?h,,,,
55,手賤,tshi?-tsi?n,,,,
56,手蹄仔,tshi?-t?-?/tshi?-tu?-?,,,,
57,手縫櫳,tshi?-ph?ng lang,,,,
58,月圍箍,gue?h u?-khoo/ge?h u?-khoo,,,,
59,歹日,ph?inn-ji?t/ph?i-li?t,,,,
60,歹吉兆,ph?inn-kiat-ti?u/ph?i-kiat-ti?u,,,,
61,歹物仔,ph?inn-mih-?,,,,
62,歹看面,ph?inn-khu?nn-b?n/ph?i-khu?nn-b?n,,,,
63,歹面,ph?inn-b?n/ph?i-b?n,,,,
64,歹面相看,ph?inn-b?n-sio-khu?nn/ph?i-b?n-sio-khu?nn,,,,
65,歹紡,ph?inn-ph?ng/ph?i-ph?ng,,,,
66,歹價,ph?inn-k?/ph?i-k?,,,,
67,毋成囡仔,m?-tsi?nn-g?n-?,,,,
68,水尺,tsu?-tshioh,,,,
69,水泱,tsu?-iann,,,,
70,水租,tsu?-tsoo,,,,
71,水脈,tsu?-me?h,,,,
72,水碓,tsu?-tu?,,,,
73,水窟仔,tsu?-khut-?,,,,
74,水鉎,tsu?-sian,,,,
75,水濺仔,tsu?-tsu?nn-?,,,,
76,火母,hu?-b?/h?-b?,,,,
77,火車母,hu?-tshia-b?/h?-tshia-b?,,,,
78,火車頭,hu?-tshia-th?u/h?-tshia-th?u,,,,
79,火金星,hu?-kim-tshenn/h?-kim-tshinn,,,,
80,火?性,hu?-hu-s?ng/h?-hu-s?ng,,,,
81,火珠仔,hu?-tsu-?/h?-tsu-?,,,,
82,牛角??仔,g?-kak-uainnh-?,,,,
83,牛貫,g?-k?g,,,,
84,牛聲馬喉,g?-siann-b?-?u,,,,
85,王梨酥,?ng-l?i-soo,,,,
86,主顧客,ts?-k?o-kheh,,,,
87,仝心,k?ng-sim,,,,
88,仝沿,k?ng-i?n,,,,
89,冊局,tsheh-kio?k,,,,
90,冊疊仔,tsheh-thiap-?,,,,
91,冬粉,tang-h?n,,,,
92,出擢,tshut-tioh,,,,
93,半丁,pu?nn-ting　又唸作pu?n-ting,,,,
94,半奸忠,pu?nn-kan-tiong,,,,
95,半老老,p?ann-l?-l?u,,,,
96,半遂,pu?n-su?　又唸作pi?n-su?,,,,
97,去倒,kh?-t?,,,,
98,可取,kh?-tsh?,,,,
99,司公仔象桮,sai-kong-?-si?nn-pue　又唸作sai-kong-?-s?n-pue,,,,
100,外埠頭,gu?-poo-th?u,,,,
101,央倩,iang-tshi?nn/iong-tshi?nn,,,,
102,央教,iang-kah/iong-kah　又唸作iang-k?,,,,
103,布幼仔,p?o-i?-?,,,,
104,布攄仔,p?o-lu-?,,,,
105,平洋,p?nn-i?nn/p?nn-i?nn,,,,
106,正範,tsi?nn-p?n,,,,
107,生本,senn-p?n/sinn-p?n,,,,
108,生真,tshenn-tsin/tshinn-tsin,,,,
109,生張,senn-tiunn/sinn-tiunn,,,,
110,生頭凊面,tshenn-th?u-tsh?n-b?n/tshinn-th?u-tsh?n-b?n,,,,
111,白目,pe?h-ba?k,,,,
112,白虎湯,pe?h-h?o-thng,,,,
113,白菜滷,pe?h-tsh?i-l?o,,,,
114,白話字,pe?h-u?-j?/pe?h-u?-l?,,,,
115,目孔,ba?k-kh?ng,,,,
116,目空赤,ba?k-khang-tshiah,,,,
117,目睭遮,ba?k-tsiu-jia/ba?k-tsiu-lia,,,,
118,石花,tsio?h-hue,,,,
119,石降,tsio?h-k?ng,,,,
120,石磨仔心,tsio?h-b?-?-sim,,,,
121,交落身,ka-la?uh-sin,,,,
122,交落枕,ka-la?uh-ts?m　,,,,
123,交繃,kau-penn/kau-pinn,,,,
124,交纏,kau-t?nn,,,,
125,冰礤,ping-tshuah,,,,
126,合該,ha?p-kai,,,,
127,囡仔頭王,g?n-?-th?u-?ng,,,,
128,在室的,ts?i-sik--?,,,,
129,在膽,ts?i-t?nn,,,,
130,在欉的,ts?i-ts?ng--?,,,,
131,地陷,t?-h?m/tu?-h?m,,,,
132,好日,h?-ji?t/h?-li?t,,,,
133,好代,h?-t?i,,,,
134,好玄,h?nn-hi?n,,,,
135,好份,h?-h?n,,,,
136,好死毋死,h?-s?-m?-s?,,,,
137,好看頭,h?-khu?nn-th?u,,,,
138,好唯是,h?-b?-s?　又唸作h?-b?-s?,,,,
139,字勻,j?-?n/l?-?n　,,,,
140,安太歲,an Th?i-su?,,,,
141,成格,tshi?nn-kik　又唸作tshi?nn-keh,,,,
142,收煞,siu-suah,,,,
143,有路無厝,?-l?o-b?-tsh?,,,,
144,有賰,?-tshun,,,,
145,死殗殗,s?-gi?n-gi?n,,,,
146,死鹹,s?-ki?m,,,,
147,死體,s?-th?,,,,
148,百百款,pah-pah-khu?n,,,,
149,百面,pah-b?n,,,,
150,竹田嬰,tik-tsh?n-enn/tik-tsh?n-inn,,,,
151,竹模,tik-b?o,,,,
152,竹篙厝,tik-ko-tsh?,,,,
153,竹雞仔車,tik-ke-?-tshia/tik-kue-?-tshia,,,,
154,老孤??,l?u-koo-khu?t,,,,
155,肉幼仔,bah-i?-?,,,,
156,肉糋,bah-ts?nn,,,,
157,肉繭仔,bah-ki?n-?,,,,
158,自早,ts?-ts?,,,,
159,自作自專,ts?-tsok-ts?-tsuan,,,,
160,自家用的,ts?-ka-i?ng--?  又唸作ts?-ka-?ng--?,,,,
161,血崩山,hueh-pang-suann/huih-pang-suann,,,,
162,行去,ki?nn--kh?,,,,
163,行袂開跤,ki?nn-b?-khui-kha/ki?nn-bu?-khui-kha,,,,
164,行船人,ki?nn-ts?n-l?ng,,,,
165,行跤花,ki?nn-kha-hue,,,,
166,伸捙,tshun-tshia,,,,
167,低路師,k?-l?o-sai,,,,
168,占贏,tsi?m-i?nn,,,,
169,佗落,t?-lo?h/t?-lo?h　又唸作toh-lo?h/tah-lo?h,,,,
170,佛手柑,hu?t-tshi?-kam　又唸作hu?t-si?-kam,,,,
171,冷嗽,l?ng-s?u,,,,
172,卵白質,nn?g-pe?h-tsit ,,,,
173,呔會,th?i ?　又唸作thah ?  ,,,,
174,囤貨,t?n-hu?/t?n-h?,,,,
175,囥話,kh?g-u?,,,,
176,坉錢,th?n-ts?nn,,,,
177,坐毋著,tsh?-m?-tio?h　又唸作ts?-m?-tio?h,,,,
178,坐底,tsh?-t?/tsh?-tu?　又唸作ts?-t?/ts?-tu?,,,,
179,妝娗,tsng-th?nn,,,,
180,孝尾囝,h?-bu?-ki?nn/h?-b?-ki?nn,,,,
181,孝男面,h?u-l?m-b?n,,,,
182,尾來,bu?--l?i/b?--l?i,,,,
183,尿滓,ji?-t?i/li?-t?i,,,,
184,忘恩背義,b?ng-un-pu?-g?　又唸作b?ng-un-pu?-g?,,,,
185,李仔攕,l?-?-tshi?m,,,,
186,汫水魚,tsi?nn-tsu?-h?/tsi?nn-tsu?-h?,,,,
187,牢腹,ti?u-pak,,,,
188,罕罕仔,h?n-h?n--?,,,,
189,育??,io-tshu?,,,,
190,見效,ki?n-h?u,,,,
191,角蜂,kak-phang,,,,
192,豆仔魚,t?u-?-h?/t?u-?-h?,,,,
193,赤焱焱,tshiah-i?nn-i?nn,,,,
194,走水,ts?u-tsu?,,,,
195,街路,ke-l?o/kue-l?o,,,,
196,走無路,ts?u-b?-l?o,,,,
197,走腹,ts?u-pak,,,,
198,走標,ts?u-pio,,,,
199,走學,ts?u-o?h,,,,
200,走縒,ts?u-tsua?h,,,,
201,辛苦病疼,sin-kh?o-p?nn-thi?nn/sin-kh?o-p?nn-thi?nn,,,,
202,車斗,tshia-t?u,,,,
203,車母,tshia-b?/tshia-b?,,,,
204,車前草,ki-tsi?n-tsh?u/ku-tsi?n-tsh?u,,,,
205,車路,tshia-l?o,,,,
206,到手芳,t?-tshi?-phang,,,,
207,到尾,k?u-bu?/k?u-b?,,,,
208,卸世卸眾,si?-s?-si?-ts?ng　俗唸作si?-s?-si?-ts?ng,,,,
209,呼請,hoo-tshi?nn,,,,
210,咇噗跳,phi?h-pho?k-thi?u,,,,
211,和齊,h?-ts?/h?-tsu?,,,,
212,孤佬,koo-l?u,,,,
213,孤鳥,koo-tsi?u　又唸作koo-ni?u,,,,
214,孤跤手,koo-kha-tshi?,,,,
215,宕,th?ng,,,,
216,定貨,ti?nn-hu?/ti?nn-h?　又唸作t?ng-hu?/t?ng-h?,,,,
217,彼當陣,hit-tang-ts?n,,,,
218,往診,?ng-ts?n,,,,
219,抹烏,buah-oo,,,,
220,抽懸,thiu-ku?n,,,,
221,抾肉幼仔,khioh-bah-i?-?,,,,
222,拄咧,t?-teh　又唸作t?-leh、t?-lih,,,,
223,拆白講,thiah-pe?h-k?ng,,,,
224,拍火,phah-hu?/phah-h?,,,,
225,拍速,phah-sok,,,,
226,拍鳥帽,phah-tsi?u-b?,,,,
227,放目,p?ng-ba?k,,,,
228,放伴,p?ng-phu?nn,,,,
229,放紙虎,p?ng-tsu?-h?o,,,,
230,放送頭,h?ng-s?ng-th?u,,,,
231,放銃,p?ng-tsh?ng,,,,
232,果子栽,ku?-ts?-tsai/k?-ts?-tsai,,,,
233,武車,b?-tshia,,,,
234,炊粉,tshue-h?n/tshe-h?n,,,,
235,狀元粿,tsi?ng-gu?n-ku?/tsi?ng-gu?n-k?,,,,
236,狗鯊,k?u-sua,,,,
237,直目,ti?t-ba?k,,,,
238,空思夢想,khong-su-b?ng-si?ng　又唸作khang-su-b?ng-si?ng,,,,
239,空殼厝,khang-khak-tsh?,,,,
240,股仔囝,k?o-?-ki?nn,,,,
241,花眉,hue-b?,,,,
242,花飛,hue-hui,,,,
243,花條馬,hue-ti?u-b?,,,,
244,花蛤仔,hue-kap-?,,,,
245,金光黨,kim-kong-t?ng,,,,
246,金金相,kim-kim-si?ng,,,,
247,金絲猴,kim-si-k?u,,,,
248,金鑠鑠,kim-siak-siak,,,,
249,長志,tsi?ng-ts?　又唸作tsi?ng-ts?,,,,
250,長篙形,tn?g-ko-h?ng,,,,
251,門口埕,mn?g-kh?u-ti?nn,,,,
252,文光尺,b?n-kong-tshioh,,,,
253,門後臼,mn?g-?u-kh?,,,,
254,??領,tshu?-ni?,,,,
255,???印仔,tshit-th?-?n-?/thit-th?-?n-?,,,,
256,侵門踏戶,tshim-mn?g-ta?h-h?o,,,,
257,俗麭,sio?k-ph?ng又唸作siok-ph?ng,,,,
258,保領,p?-ni?,,,,
259,南北二路,l?m-pak-j?-l?o/l?m-pak-l?-l?o,,,,
260,咬舌,k?-tsi?h,,,,
261,咱人,l?n-l?ng,,,,
262,品並,ph?n-ph?ng,,,,
263,客滿,kheh-bu?n　又唸作kheh-mu?,,,,
264,封頭壁,hong-th?u-piah,,,,
265,屎面,s?i-b?n,,,,
266,巷仔內的,h?ng-?-l?i--?,,,,
267,後壁山,?u-piah-suann,,,,
268,後謝,?u-si?,,,,
269,硩墓紙,teh-b?ng-tsu?,,,,
270,指甲眉,ts?ng-kah-b?i　又唸作ts?g-kah-b?i,,,,
271,指模,ts?-b?o,,,,
272,挑花刺繡,thio-hue-tshiah-si?,,,,
273,是講,s?-k?ng,,,,
274,枵飢失頓,iau-ki-sit-t?g,,,,
275,枵過飢,iau-ku?-ki,,,,
276,枵燥,iau-s?,,,,
277,柝仔頭,kho?k-?-th?u,,,,
278,查某囝日,tsa-b?o-ki?nn-ji?t/tsa-b?o-ki?nn-li?t,,,,
279,柿霜,kh?-sng　又唸作kh?-song,,,,
280,流汗流洘,l?u-ku?nn-l?u-kh?,,,,
281,為非糝做,u?-hui-s?m-ts?,,,,
282,相?,sio-th?n　又唸作sann-th?n,,,,
283,相揣,sio-tshu?　又唸作sann-tsh?,,,,
284,看口,khu?nn-kh?u,,,,
285,看命,khu?nn-mi?,,,,
286,看破跤手,khu?nn-phu?-kha-tshi?,,,,
287,看袂上目,khu?nn-b?-tsi?nn-ba?k/khu?nn-bu?-tsi?nn-ba?k,,,,
288,突顯,tu?t-hi?n,,,,
289,紀年,kh?-n?　又唸作k?-n?,,,,
290,紅霞,?ng-h?,,,,
291,美國仙丹,B?-kok-sian-tan,,,,
292,美國時間,B?-kok-s?-kan,,,,
293,美國塗豆,B?-kok-th?o-t?u,,,,
294,背骨,pu?-kut,,,,
295,苦瓜封,kh?o-kue-hong,,,,
296,苦花,kh?o-hue,,,,
297,苦齣,kh?o-tshut,,,,
298,迫促,pik-tshik/pik-tshiok,,,,
299,郊,kau,,,,
300,限時批,h?n-s?-phue/h?n-s?-phe,,,,
301,面冊,b?n-tsheh,,,,
302,面腔,b?n-tshiunn,,,,
303,面漚面臭,b?n-?u-b?n-tsh?u,,,,
304,面模,b?n-b?o,,,,
305,風雷,hong-lu?,,,,
306,食人夠夠,tsia?h-l?ng-k?u-k?u,,,,
307,食老出癖,tsia?h-l?u-tshut-phia?h,,,,
308,食重鹹,tsia?h-t?ng-ki?m,,,,
309,食風,tsia?h-hong,,,,
310,食茶,tsia?h-t?,,,,
311,食罪,tsia?h-tsu?,,,,
312,食認,tsia?h-j?n/tsia?h-l?n,,,,
313,食銅食鐵,tsia?h-t?ng-tsia?h-thih,,,,
314,食餐廳,tsia?h-tshan-thiann,,,,
315,食聲,tsia?h-siann,,,,
316,香櫞瓜,hiunn-?nn-kue  又唸作 hiunn-i?n-kue,,,,
317,倒吊子,t?-ti?u-ts?,,,,
318,倒拗,t?-?u,,,,
319,倒頭槌,t?-th?u-thu?,,,,
320,倒轉去,t?-t?g--kh?,,,,
321,倚意,u?-?,,,,
322,倚蹛,u?-tu?,,,,
323,凌勒,l?ng-lik　又唸作l?ng-li?k,,,,
324,厝尾頂,tsh?-bu?-t?ng/tsh?-b?-t?ng,,,,
325,厝場,tsh?-ti?nn,,,,
326,原全,gu?n-tsu?n,,,,
327,哪通,n?-thang,,,,
328,哽?,k?nn-kui/k?nn-kui,,,,
329,套頭話,th?-th?u-u?,,,,
330,師仔工,sai-?-kang,,,,
331,挨磨,e-b?/ue-b?,,,,
332,挩鍊仔,thuah-li?n-?,,,,
333,挽瓜揫藤,b?n-kue-tshi?-t?n,,,,
334,挽筋,b?n-kin/b?n-kun,,,,
335,捙倒,tshia-t?,,,,
336,料小,li?u-si?u,,,,
337,時計果,s?-k?-k?,,,,
338,柴目,tsh?-ba?k,,,,
339,柴箍,tsh?-khoo,,,,
340,梳妝打扮,se-tsng-t?nn-p?n/sue-tsng-t?nn-p?n,,,,
341,氣掣掣,kh?-tshuah-tshuah,,,,
342,氣暢忍,kh?-thi?ng-l?n,,,,
343,消敨,siau-th?u,,,,
344,烏子仔菜,oo-ts?-?-tsh?i　又唸作oo-j?-?-tsh?i,,,,
345,烏白切,oo-pe?h-tshiat ,,,,
346,烏尾冬,oo-bu?-tang/oo-b?-tang,,,,
347,烏面賊,oo-b?n-tsha?t,,,,
348,烏鉎,oo-sian,,,,
349,珠仔龜,tsu-?-ku,,,,
350,病母,p?nn-b?/p?nn-b?,,,,
351,病囝,p?nn-ki?nn/ p?nn-ki?nn,,,,
352,眩車丹,h?n-tshia-tan,,,,
353,破功,ph?-kong,,,,
354,破豆,ph?-t?u,,,,
355,破鼎,phu?-ti?nn,,,,
356,祖公仔產,ts?o-kong-?-s?n,,,,
357,笑微微,tshi?-bi-bi,,,,
358,笑詼齣,tshi?-khue-tshut/tshi?-khe-tshut,,,,
359,納錢,la?p-ts?nn,,,,
360,罟寮,koo-li?u,,,,
361,臭油餲,tsh?u-i?-ai,,,,
362,茫茫渺渺,b?ng-b?ng-bi?u-bi?u,,,,
363,茶米茶,t?-b?-t?,,,,
364,茶洗,t?-s?/t?-su?,,,,
365,茶籗,t?-khah,,,,
366,草仔子,tsh?u-?-ts?,,,,
367,草地倯,tsh?u-t?-s?ng/tsh?u-tu?-s?ng,,,,
368,草囷,tsh?u-kh?n,,,,
369,草笠仔,tsh?u-le?h-?/tsh?u-lue?h-?,,,,
370,荏身命,l?m-sin-mi?,,,,
371,袂拄好,b?-t?-h?/bu?-t?-h?,,,,
372,袂做得,b?-ts?--tit/bu?-tsu?--tit,,,,
373,袂博假博,b?-phok-k?-phok/bu?-phok-k?-phok,,,,
374,袂磕得,b?-kha?p--tit/bu?-kha?p--tit　,,,,
375,袂曉衰,b?-hi?u-sue/bu?-hi?u-sue,,,,
376,記認,k?-j?n/k?-l?n,,,,
377,貢糖,k?ng-thn?g,,,,
378,起豹飆,kh?-p?-pio,,,,
379,起酒痟,kh?-tsi?-si?u,,,,
380,起蛟龍,kh?-kau-l?ng,,,,
381,迵海,th?ng-h?i,,,,
382,退流,th?-l?u,,,,
383,退時,th?-s?,,,,
384,酒矸仔嫂,tsi?-kan-?-s?,,,,
385,馬花糋,b?-hue-ts?nn,,,,
386,鬥搭,t?u-tah,,,,
387,鬼頭刀,ku?-th?u-to,,,,
388,?甲,t?ng-kah,,,,
389,偌久,gu?-k?　又唸作ju?-k?、lu?-k?,,,,
390,做水,ts?-tsu?/tsu?-tsu?,,,,
391,做囮,ts?-bu?/tsu?-bu?,,,,
392,做竅,ts?-khi?/　tsu?-khi?,,,,
393,剪仔龜?,tsi?n-?-ku,,,,
394,剪絨仔花,tsi?n-ji?ng-?-hue/tsi?n-li?ng-?-hue,,,,
395,剪蟲,tsi?n-th?ng,,,,
396,參仔氣,sim-?-khu?　又唸作sam-?-khu?、som-?-khu?,,,,
397,國校,kok-h?u,,,,
398,夠月,k?u-gue?h/k?u-ge?h,,,,
399,宿題,siok-t?/siok-tu?,,,,
400,寄罪,ki?-tsu?,,,,
401,寄跤,ki?-kha,,,,
402,密密是,ba?t-ba?t-s?,,,,
403,徙岫,su?-si?,,,,
404,徛秋,khi?-tshiu,,,,
405,徛家厝,khi?-ke-tsh?,,,,
406,惜花連盆,sioh hue li?n ph?n,,,,
407,?定,ku?nn-ti?nn,,,,
408,推?,the-sak,,,,
409,敗馬,p?i-b?,,,,
410,梅仔茶,mu?-?-t?　又唸作m?-?-t?、mu?i-?-t?、bu?-?-t?,,,,
411,欲晝仔,beh-t?u-?/bueh-t?u-?,,,,
412,涵空龜,?m-khang-ku,,,,
413,涼腔,li?ng-khiang,,,,
414,深目,tshim-ba?k,,,,
415,深緣,tshim-i?n,,,,
416,清彩,tshing-tsh?i,,,,
417,清飯 ,tshing-pn?g,,,,
418,爽歪歪,s?ng-uainn-uainn,,,,
419,牽龜落湳,khan-ku-lo?h-l?m,,,,
420,窒車,that-tshia,,,,
421,笨跤笨手,p?n-kha-p?n-tshi?,,,,
422,粗殘,tshoo-tsh?n,,,,
423,紲落來,su?--lo?h-l?i,,,,
424,規工,kui-kang,,,,
425,規家伙仔,kui-ke-hu?-?/kui-ke-h?-?,,,,
426,規碗捀,kui-u?nn-ph?ng,,,,
427,規嚾規黨,kui-uang-kui-t?ng,,,,
428,設使,siat-s?,,,,
429,豚母  ,th?n-b?/th?n-b?,,,,
430,軟市,n?g-tsh?,,,,
431,透底,th?u-t?/th?u-tu?,,,,
432,透濫,th?u-l?m,,,,
433,逐工,ta?k-kang,,,,
434,頂下歲,t?ng-?-hu?/t?ng-?-h?,,,,
435,魚酥,h?-soo/h?-soo,,,,
436,鳥隻,tsi?u-tsiah,,,,
437,鳥鼠仔色,ni?u-tsh?-?-sik/ni?u-tsh?-?-sik,,,,
438,鳥鼠仔糖,ni?u-tsh?-?-thn?g/ni?u-tsh?-?-thn?g　,,,,
439,備辦,p?-p?n,,,,
440,博士博,phok-s?-phok,,,,
441,喊,h?n,,,,
442,喋詳,thi?h-si?ng,,,,
443,喙笑目笑,tshu?-tshi?-ba?k-tshi?,,,,
444,喙桮,tshu?-pue/tshu?-pe,,,,
445,喙齒縫,tshu?-kh?-ph?ng,,,,
446,報戶口,p?-h?o-kh?u,,,,
447,報鳥鼠仔冤,p?-ni?u-tsh?-?-uan/p?-ni?u-tsh?-?-uan,,,,
448,寒酸,h?n-suan 又唸作h?n-san,,,,
449,惡人無膽,ok-l?ng b?-t?nn,,,,
450,惡質,ok-tsit,,,,
451,提囡仔,the?h-g?n-?,,,,
452,敢是,k?m-s?　又唸作ki?m-s?,,,,
453,敢是,k?nn-s?,,,,
454,敨放,th?u-p?ng,,,,
455,斑芝,pan-tsi又唸作pian-tsi,,,,
456,智覺,t?-kak,,,,
457,棉仔枝,m?-?-ki,,,,
458,欺貧重富,khi-p?n-ti?ng-h?,,,,
459,殘殘,tsh?n-tsh?n,,,,
460,湠根,thu?nn-kin/thu?nn-kun,,,,
461,湳仔地,l?m-?-t?,,,,
462,湳塗,l?m-th?o　,,,,
463,無才,b?-ts?i,,,,
464,無品,b?-ph?n,,,,
465,番薯仔囝,han-ts?-?-ki?nn/han-ts?-?-ki?nn,,,,
466,痛疼,th?ng-thi?nn,,,,
467,痟狗病,si?u-k?u-p?nn/si?u-k?u-p?nn,,,,
468,發爐,huat-l?o,,,,
469,睏尾,kh?n-bu?/kh?n-b?,,,,
470,睏癖,kh?n-phiah,,,,
471,硩注,teh-t?,,,,
472,硩番薯,teh han-ts?/teh han-ts?,,,,
473,硬拗,ng?-?u/ng?-?u,,,,
474,硬插,ng?-tshah/ng?-tshah,,,,
475,筅?,tsh?ng-th?n,,,,
476,粟埕,tshik-ti?nn,,,,
477,粟種,tshik-ts?ng,,,,
478,翕汗,hip-ku?nn,,,,
479,菜市仔名,tsh?i-tsh?-?-mi?,,,,
480,菜宅,tsh?i-the?h,,,,
481,菜砧,tsh?i-tiam,,,,
482,菜蟲,tsh?i-th?ng,,,,
483,著獎,tio?h-tsi?ng/tio?h-tsi?ng,,,,
484,著觸,tio?h-tak,,,,
485,覕鬚,bih-tshiu,,,,
486,詞彙,s?-lu?,,,,
487,買手,b?-tshi?/bu?-tshi?,,,,
488,貿貨底,b?u-hu?-t?/b?u-h?-tu?　又唸作ba?uh-hu?-t?/ba?uh-h?-tu?,,,,
489,跋感情,pua?h-k?m-ts?ng,,,,
490,跙流籠,tsh?-li?-l?ng ,,,,
491,鈍目,t?n-ba?k,,,,
492,閒煩,?ng-hu?n,,,,
493,韌命,j?n-mi?/l?n-mi?,,,,
494,順?,s?n-ki?nn,,,,
495,黃目子,n?g-ba?k-ts?又唸作ba-bui-ts?,,,,
496,催油,tshui-i?,,,,
497,?刀蔫,khau-to-lian,,,,
498,塗石流,th?o-tsio?h-l?u　又唸作th?o-tsio?h-li?,,,,
499,塗肉,th?o-bah,,,,
500,媽祖婆,M?-ts?o-p?,,,,
501,幌頭,h?inn-th?u,,,,
502,想欲,si?nn-beh/　si?nn-bueh,,,,
503,?後跤,khi?-?u-kha又唸作gi?-?u-kha,,,,
504,搭胸坎,tah-hing-kh?m,,,,
505,搵料,?n-li?u,,,,
506,摁,hmh,,,,
507,摃球,k?ng-ki?,,,,
508,摃鼓,k?ng-k?o,,,,
509,暗安,?m-an,,,,
510,暗唸,?m-li?m,,,,
511,暗會,?m-hu?,,,,
512,會毋著,hu?-m?-tio?h/h?-m?-tio?h,,,,
513,會得過,?-tit-ku?/?-tit-k?,,,,
514,會跤,hu?-kha,,,,
515,極加,ki?k-ke,,,,
516,歇涼,hioh-li?ng　又唸作heh-li?ng、hennh-li?ng,,,,
517,歇睏日,hioh-kh?n-ji?t/hioh-kh?n-li?t  又唸作heh-kh?n-ji?t、hennh-kh?n-ji?t,,,,
518,歇睏時仔,hioh-kh?n-s?-?　又唸作heh-kh?n-s?-?、hennh-kh?n-s?-?,,,,
519,準拄煞,ts?n-t?-suah,,,,
520,溜旋,liu-suan,,,,
521,煎粿,tsian-ku?/tsian-k?,,,,
522,煙筒管,ian-t?ng-k?ng,,,,
523,煞煞去,suah-suah--kh?,,,,
524,矮仔冬瓜,?-?-tang-kue/u?-?-tang-kue,,,,
525,矮鼓,?-k?o/u?-k?o,,,,
526,矮頓,?-t?g/u?-t?g,,,,
527,碎鹽鹽,tshu?-i?m-i?m,,,,
528,禁尿,k?m-ji?/k?m-li?,,,,
529,腰痠背疼,io-sng-pu?-thi?nn,,,,
530,腹腸,pak-tn?g,,,,
531,萬丈深坑,b?n-tn?g-tshim-khenn/b?n-tn?g-tshim-khinn,,,,
532,萬不幸,b?n-put-h?ng,,,,
533,落山,lo?h-suann,,,,
534,落貨,lo?h-hu?/lo?h-h?,,,,
535,落漆,lak-tshat,,,,
536,便若,pi?n-n?,,,,
537,香芳,hiunn-phang,,,,
538,倚山食山,u?-suann-tsia?h-suann,,,,
539,哭賴,kh?u-lu?,,,,
540,恩情人,un-ts?ng-l?ng　又唸作in-ts?ng-l?ng,,,,
541,挨挨陣陣,e-e-t?n-t?n/ue-ue-t?n-t?n,,,,
542,浮浪貢,ph?-l?ng-k?ng,,,,
543,蒂頭,t?-th?u,,,,
544,號頭,h?-th?u,,,,
545,蜂蝦,phang-h?,,,,
546,話仙,u?-sian,,,,
547,詼諧,khue-h?i　,,,,
548,詼諧,khue-h?i/　khe-h?i,,,,
549,跤胴,kha-t?ng,,,,
550,路草,l?o-tsh?u,,,,
551,跳踢,thi?u-thah/thi?u-that,,,,
552,過鹹水的,ku?-ki?m-tsu?--?/k?-ki?m-tsu?--?,,,,
553,閘雨棚,tsa?h-h?o-p?nn/tsa?h-h?o-p?nn,,,,
554,隔工,keh-kang,,,,
555,電子批,ti?n-ts?-phue,,,,
556,電頭毛店,ti?n-th?u-mn?g-ti?m　又唸作ti?n-th?u-moo-ti?m,,,,
557,頓蹬,t?n-tenn/t?n-tinn　,,,,
558,飽漿,p?-tsiunn　,,,,
559,??花,li?-hue,,,,
560,嗺,sui,,,,
561,墓紙,b?ng-tsu?　又唸作b?o-tsu?,,,,
562,寢頭,tsh?m-th?u,,,,
563,對同,tu?-t?ng,,,,
564,對重,tu?-ti?ng,,,,
565,對頭風,tu?-th?u-hong,,,,
566,對頭誤,tu?-th?u-g?o,,,,
567,摔大眠,si?ng-tu?-b?n,,,,
568,斡角,uat-kak,,,,
569,歌仔冊,kua-?-tsheh,,,,
570,歌仔先,kua-?-sian,,,,
571,滸苔,h?o-th?,,,,
572,漚古,?u-k?o,,,,
573,漚步,?u-p?o,,,,
574,漚屎步,?u-s?i-p?o,,,,
575,漚戲拖棚,?u-h?-thua-p?nn/?u-h?-thua-p?nn,,,,
576,漳泉濫,Tsiang-Tsua?n-l?m,,,,
577,粿路,ku?-l?o/k?-l?o,,,,
578,粿酺,ku?-p?o/k?-p?o,,,,
579,綿精,m?-tsinn,,,,
580,緊氣,k?n-khu?,,,,
581,緊縒慢,k?n-tsua?h-b?n,,,,
582,蓋蠟,k?i-la?h,,,,
583,認捌,j?n-bat/l?n-bat,,,,
584,趖跤趖手,s?-kha-s?-tshi?,,,,
585,輕便車,khing-pi?n-tshia,,,,
586,噗仔聲,pho?k-?-siann,,,,
587,墜腸,tu?-ti?ng,,,,
588,?徙,tshi?u-su?/tsh?u-su?,,,,
589,佈田花?,p?o?tsh?n?hue??,,,,
590,步頻,p?o-p?n　,,,,
591,?榔,khong-l?ng,,,,
592,稽考,khe-kh?,,,,
593,練仙,li?n-sian,,,,
594,蓮花頭,li?n-hue-th?u,,,,
595,蔥仔餅,tshang-?-pi?nn,,,,
596,蝦卷,h?-k?g,,,,
597,蝦蛄頭,h?-koo-th?u,,,,
598,諒情,li?ng-ts?ng,,,,
599,論真,l?n-tsin,,,,
600,豬母癲,ti-b?-tian/tu-b?-tian,,,,
601,豬屠,ti-t?o/tu-t?o,,,,
602,閬雨縫,l?ng h?o-ph?ng,,,,
603,閬港,l?ng-k?ng,,,,
604,靠傷,kh?-siong,,,,
605,駐水,t?-tsu?,,,,
606,鬧猜猜,n?u-tshai-tshai,,,,
607,噪耳,tsh?-h?nn/tsh?-h?,,,,
608,噸,t?ng　又唸作t?n,,,,
609,樹奶束仔,tshi?-ling-sok-?/tshi?-ni-sok-?　又唸作tshi?-lin-sok-?,,,,
610,樹梅,tshi?-m?,,,,
611,激骨話,kik-kut-u?,,,,
612,燃水,hi?nn-tsu?,,,,
613,燈仔花,ting-?-hue,,,,
614,燒烘烘,sio-h?ng-h?ng,,,,
615,燒??,sio-hut-hut,,,,
616,燖補,t?m-p?o,,,,
617,磚仔窯,tsng-?-i?,,,,
618,糖仔,thn?g-?,,,,
619,縛跤縛手,pa?k-kha-pa?k-tshi?,,,,
620,聬儱,?ng-l?ng　又唸作?ng-l?ng,,,,
621,褪毛,th?g-mn?g　又唸作th?g-moo,,,,
622,親疊親,tshin-tha?h-tshin,,,,
623,賴賴趖,lu?-lu?-s?,,,,
624,鋸屑?,k?-sut-hu/k?-sut-hu,,,,
625,錢貫,ts?nn-k?g,,,,
626,踮沬,ti?m-b?,,,,
627,擇,to?h,,,,
628,無底代,b?-t?-t?i,,,,
629,霎霎仔雨,sap-sap-?-h?o　又唸作sa?p-sa?p-?-h?o,,,,
630,頭兄,th?u-hiann,,,,
631,頭較大身,th?u-khah-tu?-sin,,,,
632,頭旗,th?u-k?,,,,
633,頭篩仔,th?u-thai-?,,,,
634,頷頸珠,?m-k?n-tsu,,,,
635,鴨雄仔聲,ah-h?ng-?-siann　,,,,
636,龜龜鱉鱉,ku-ku-pih-pih,,,,
637,?豆仔,b?i-t?u-?,,,,
638,?氣,b?i-khu?,,,,
639,戲籠,h?-l?ng,,,,
640,戴小鬼仔殼,t? si?u-ku?-?-khak,,,,
641,簇,tshok,,,,
642,總的,ts?ng--?,,,,
643,臨時臨曜,l?m-s?-l?m-i?u　又唸作li?m-s?-li?m-i?u　,,,,
644,蹓,lau,,,,
645,隱痀橋,?n-ku-ki?,,,,
646,鮢鱖,tsu-ku?/tsu-k?,,,,
647,點拄,ti?m-tuh,,,,
648,擺撥,p?i-puah,,,,
649,舊底,k?-t?/k?-tu?,,,,
650,舊症頭,k?-ts?ng-th?u,,,,
651,薰觳仔,hun-khok-?,,,,
652,藏鏡人,Ts?ng-ki?nn-j?n/Ts?ng-ki?nn-l?n,,,,
653,蟳膏??,ts?m-ko,,,,
654,蹛院,tu?-?nn,,,,
655,轉錢空,t?g-ts?nn-khang,,,,
656,雙糕潤,siang-ko-j?n/siang-ko-l?n,,,,
657,雜貨仔店,tsa?p-hu?-?-ti?m/tsa?p-h?-?-ti?m,,,,
658,離經,l?-king,,,,
659,緣金,i?n-kim,,,,
660,懵膽,b?ng-t?nn,,,,
661,藥頭,io?h-th?u,,,,
662,鏨頭短命,ts?m-th?u-t?-mi?,,,,
663,麒麟鹿,k?-l?n-lo?k,,,,
664,懸頂,ku?n-t?ng　又唸作ku?inn-t?ng,,,,
665,蠓仔薰,b?ng-?-hun,,,,
666,鹹酸苦汫,ki?m-sng-kh?o-tsi?nn,,,,
667,?香綴拜,gia?h-hiunn-tu?-p?i/gia?h-hiunn-t?-p?i,,,,
668,?旗軍仔,gia?h-k?-kun-?,,,,
669,?水,ts?ng-tsu?,,,,
670,爛??仔,nu?-thi?u-?,,,,
671,癩䲁病,th?i-ko-p?nn/th?i-ko-p?nn,,,,
672,癩䲁蛾仔,th?i-ko-ia?h-?,,,,
673,雞豚仔,ke-th?n-?/kue-th?n-?,,,,
674,鐵釘挽,thih-ting-b?n,,,,
675,鐵掃帚,thih-s?u-tshi?,,,,
676,鐵鉼,thih-phi?nn,,,,
677,鐵撟,thih-ki?u,,,,
678,鐵鍤 ,thih-tshiah,,,,
679,顧暝,k?o-m?/k?o-m?,,,,
680,儼硬,gi?m-ng?/gi?m-ng?,,,,
681,籠面,l?ng-b?n,,,,
682,聽好,th?ng-h?,,,,
683,變工藝,p?nn-kang-g?,,,,
684,變弄,p?nn-l?ng,,,,
685,變相,pi?n-si?ng　又唸作p?nn-si?nn,,,,
686,變啥魍,p?nn-si?nn-b?ng　又唸作p?nn-s?nn-b?ng,,,,
687,變無魍,p?nn-b?-b?ng,,,,
688,鑢卡,l?-khah　又唸作l?-kh?,,,,
689,艷色,i?m-sik,,,,
690,鷹仔目,ing-?-ba?k,,,,
691,鹽桑仔,i?m-sng-?,,,,
692,鹽酸仔,i?m-sng-?　,,,,
693,鑽水沬,ts?g-tsu?-b?　又唸作tsh?g-tsu?-b?,,,,
694,戇目,g?ng-ba?k,,,,
695,??塌塌,si?nn-lap-lap　又唸作si?nn-la?p-la?p,,,,
696,食飯會,tsia?h-pn?g-hu?,,,,
697,金言玉語,kim-gi?n-gio?k-g?/kim-gi?n-gio?k-g?,,,,
698,好食睏,h?-tsia?h-kh?n,,,,
699,隨人食,s?i-l?ng-tsia?h,,,,
700,渡鳥,t?o-tsi?u?,,,,
701,喙?肉,tshu?-phu?-bah,,,,
702,大趁錢,tu?-th?n-ts?nn,,,,
703,狗肉數,k?u-bah-si?u ,,,,
704,落空車,l?u-khang-tshia,,,,
705,做肉餅,ts?-bah-pi?nn/tsu?-bah-pi?nn,,,,
706,無局,b?-kio?k,,,,
707,水浸粿,tsu?-ts?m-ku? / tsu?-ts?m-k?,,,,
708,天公仔囝,thinn-kong-?-ki?nn,,,,
709,一時仔,tsi?t-s?-?,,,,
710,入去,ji?p-kh?/li?p-kh?,,,,
711,入來,ji?p-l?i/li?p-l?i,,,,
712,大水,tu?-tsu?,,,,
713,大的,tu?--?,,,,
714,細的,s?--?/su?--?,,,,
715,山內,suann-l?i,,,,
716,心內,sim-l?i,,,,
717,毋就,m?-t? 又唸做 m?-ti?,,,,
718,以早,?-ts?,,,,
719,出在,tshut-ts?i,,,,
720,巧神,khi?u-s?n,,,,
721,目尾,ba?k-bu?/ba?k-b?,,,,
722,好好仔,h?-h?-?,,,,
723,好命,h?-mi?,,,,
724,有時,?-s?,,,,
725,官廳,kuann-thiann,,,,
726,拄拄,t?-t?,,,,
727,爸仔囝,p?-?-ki?nn,,,,
728,相??走,sio-tshu?-ts?u,,,,
729,食飽,tsia?h-p?,,,,
730,厝裡,tsh?--l?/tsh?--nih,,,,
731,翁仔某,ang-?-b?o,,,,
732,做伴,ts?-phu?nn/tsu?-phu?nn,,,,
733,偷偷仔,thau-thau-?,,,,
734,唸歌,li?m-kua,,,,
735,堅心,kian-sim,,,,
736,通人,thong-l?ng,,,,
737,逐項,ta?k h?ng,,,,
738,無夠,b?-k?u,,,,
739,著愛,tio?h-?i,,,,
740,想講,si?nn-k?ng,,,,
741,膽肝,t?m-kuann,,,,
742,雞卵面,ke-nn?g-b?n??,,,,
743,雞卵清,ke-nn?g-tshing,,,,
744,面肉,b?n-bah,,,,
1,一口灶,ts??t-kh?u-ts?u,,,,
2,一大拖,ts??t-tu?-thua,,,,
3,大伯仔,tu?-peh-?,,,,
4,大端,t?i-tuan,,,,
5,小食,si?-tsia?h,,,,
6,山空,suann-khang,,,,
7,山球,suann-ki?,,,,
8,山腹,suann-pak,,,,
9,五四三,g??o-s?-sann,,,,
10,內山斗底,l?i-suann-t?u-t?/l?i-suann-t?u-tu?,,,,
11,內籬仔,l?i-l?-?,,,,
12,公道人,kong-t?-l?ng,,,,
13,勼跤勼手,kiu-kha-kiu-tshi?,,,,
14,反起反倒,hu?n-kh?-hu?n-t?,,,,
15,心內話,sim-l?i-u?,,,,
16,手形,tshi?-h?ng,,,,
17,手捗,tshi?-p?o,,,,
18,手梳?懸,tshi?-se-gia?h-ku?n,,,,
19,月內人,gue?h-l?i-l?ng/ge?h-l?i-l?ng,,,,
20,毋是款,m?-s?-khu?n,,,,
21,水崩山,tsu?-pang-suann,,,,
22,水跤,tsu?-kha,,,,
23,火引,hu?-?n/h?-?n,,,,
24,王見王,?ng-ki?n-?ng,,,,
25,冬筍,tang-s?n,,,,
26,加車藤,ka-tshia-t?n,又唸作kha-tshia-t?n,,,
27,半中央,pu?nn-tiong-ng,,,,
28,半晝,pu?nn-t?u,,,,
29,外才,gu?-ts?i,,,,
30,布棚,p?o-p?nn/p?o-p?nn,,,,
31,平階,p?nn-kai/p?nn-kai,,,,
32,必巡,pit-s?n,,,,
33,本居地,p?n-ki-t?/p?n-ku-tu?,,,,
34,白墨,pe?h-ba?k,,,,
35,交仗,kau-ti?ng又唸做kau-ti?ng,,,,
36,?頭,th?n-th?u,,,,
37,先的,sian--?,,,,
38,好得,h?-tit,,,,
39,字姓,j?-s?nn/l?-s?nn,,,,
40,竹管仔飯,tik-k?ng-?-pn?g,,,,
41,考試單,kh?-tsh?-tuann,,,,
42,自本,ts?-p?n,,,,
43,卵殼,nn?g-khak,,,,
44,含血霧天,k?m-hueh-b?-thinn/k?m-huih-b?-thinn,,,,
45,扳仔,p?n-?,,,,
46,抑無,iah-b?/ah-b?,,,,
47,汫水,tsi?nn-tsu?,,,,
48,沙耙,sua-p?,,,,
49,牢鼎,ti?u-ti?nn,,,,
50,芒種雨,b?ng-ts?ng-h?o,,,,
51,事事項項,s?-s?-h?ng-h?ng,,,,
52,佮股,kap-k?o,,,,
53,奉待,h?ng-th?i,,,,
54,孤查某囝,koo-tsa-b?o-ki?nn,合音唸作koo-tsa?u-ki?nn,,,
55,定親,t?ng-tshin,,,,
56,抾丁錢,khioh-ting-ts?nn,,,,
57,拊仔,h?-?,,,,
58,拍火車,phah-hu?-tshia/phah-h?-tshia,,,,
59,明品,b?ng-ph?n,,,,
60,肥底,pu?-t?/pu?-tu?,,,,
61,芥辣,k?i-lua?h,,,,
62,門栱,mn?g-k?ng,,,,
63,門擋仔,mn?g-t?ng-?,,,,
64,雨撇仔,h?o-phiat-?,,,,
65,前世人,ts?ng-s?-l?ng,,,,
66,厚操煩,k?u-tshau-hu?n,,,,
67,巷仔口,h?ng-?-kh?u,,,,
68,後過,?u-ku?/?u-k?,,,,
69,怨天怨地,u?n-thinn-u?n-t?/u?n-thinn-u?n-tu?,,,,
70,拜六,p?i-la?k,,,,
71,拜請,p?i-tshi?nn,,,,
72,按呢生,?n-ne-senn/?n-n?-sinn,,,,
73,挕?,h?nn-sak,,,,
74,活魚栽,hua?t-h?-tsai/hua?t-h?-tsai,,,,
75,活賣,ua?h-b?,,,,
76,相??,sio-tshu?,又唸做sann-tshu?,,,
77,相罵本,sio-m?-p?n,又唸作sann-m?-p?n,,,
78,胃慒慒,u?,tso-tso,,,
79,重本,t?ng-p?n,,,,
80,食好料,tsia?h-h?-li?u,,,,
81,個外月,k?-gu?-gue?h/k?-gu?-ge?h,又唸作k?o-gu?-gue?h/k?o-gu?-ge?h,,,
82,倒退攄,t?-th?-lu,,,,
83,厝邊兜,tsh?-pinn-tau,,,,
84,厝邊隔壁,tsh?-pinn-keh-piah,,,,
85,原性,gu?n-s?ng,,,,
86,捀場,ph?ng-ti?nn,,,,
87,捎無摠,sa-b?-ts?ng,,,,
88,海坪,h?i-phi?nn,,,,
89,烏點,oo-ti?m,,,,
90,疼心,thi?nn-sim,,,,
91,疼命命,thi?nn-mi?-mi?,,,,
92,納數,la?p-si?u,,,,
93,紙敬,tsu?-k?ng,,,,
94,臭香,tsh?u-hiunn,,,,
95,草仔粿,tsh?u-?-ku?/tsh?u-?-k?,,,,
96,袂赴市,b?-h?-tsh?/bu?-h?-tsh?,,,,
97,袂得,b?-tit/bu?-tit,,,,
98,起帆,kh?-ph?ng,,,,
99,起磅,kh?-p?ng,,,,
100,起戇,kh?-g?ng,,,,
101,高長,kau-tshi?ng,又唸作ko-tshi?ng,,,
102,鬥榫,t?u-s?n,,,,
103,唸謠,li?m-i?u,,,,
104,?酒醉,lim-tsi?-tsu?,,,,
105,帶身人,t?i-sin-l?ng,,,,
106,徛台,khi?-t?i,,,,
107,捽繩,sut-ts?n,,,,
108,接神,tsih-s?n,,,,
109,晚冬,m?g-tang,又唸作bu?n-tang,,,
110,涼的,li?ng--?,,,,
111,淋碭,l?m-thn?g,,,,
112,淘井,t?-ts?nn/t?-ts?nn,,,,
113,深山林內,tshim-suann-n?-l?i,,,,
114,淺緣,tshi?n-i?n,,,,
115,猛掠,m?-lia?h,,,,
116,終其尾,tsiong-k?-bu?/tsiong-k?-b?,,,,
117,透抽,th?u-thiu,,,,
118,通人知,thong-l?ng-tsai,,,,
119,鹿角龜,lo?k?kak?ku,,,,
120,喝起喝倒,huah-kh?-huah-t?,,,,
121,?面,su?-b?n,,,,
122,尊存,tsun-tsh?n,,,,
123,掣一趒,tshuah-ts??t-ti?,,,,
124,插濫,tshap-l?m,,,,
125,棧間,ts?n-king,,,,
126,欹空,khia-khang,,,,
127,湢,pih,,,,
128,無天良,b?-thian-li?ng,,,,
129,無捨施,b?-si?-s?,,,,
130,無盤,b?-pu?nn,,,,
131,?仔,b?-?,,,,
132,琴子,kh?m-j?,,,,
133,番薯稜,han-ts?-l?ng,,,,
134,發財仔車,huat-ts?i-?-tshia,,,,
135,發輦,huat-li?n,,,,
136,睏一醒,kh?n-ts??t-tsh?nn/kh?n-ts??t-tsh?nn,,,,
137,睏中晝,kh?n-tiong-t?u,,,,
138,短站,t?-ts?m,,,,
139,短褲節仔,t?-kh?o-tsat-?,,,,
140,硩年錢,teh-n?-ts?nn,,,,
141,窗仔簾,thang-?-l?,,,,
142,筊場,ki?u-ti?nn,,,,
143,筍龜,s?n-ku,,,,
144,菜販仔,tsh?i-hu?n-?,,,,
145,開仔,khui-?,,,,
146,開聲,khui-siann,,,,
147,閒身,?ng-sin,,,,
148,黃酸雨,n?g-sng-h?o,,,,
149,?痧,khau-sua,,,,
150,塗州,th?o-tsiu,,,,
151,塗沙粉,th?o-sua-h?n,,,,
152,塗豆麩,th?o-t?u-hu,,,,
153,塗質,th?o-tsit,,,,
154,塗糜,th?o-mu?/th?o-b?,又唸作th?o-mu?i,,,
155,?票,khi?-phi?,又唸作gi?-phi?,,,
156,搶市,tshi?nn-tsh?,,,,
157,新正年頭,sin-tsiann-n?-th?u,,,,
158,會失禮,hu?-sit-l?/h?-sit-l?,,,,
159,會記得,?-k?--tit,又唸作?-k?--tsit、?-k?--lit、?-k?--lih、?-k?--eh,,,
160,煙暈,ian-n?g,,,,
161,煞尾仔囝,suah-bu?-?-ki?nn/suah-b?-?-ki?nn,,,,
162,照電光,tsi?-ti?n-kong,,,,
163,禁薰,k?m-hun,,,,
164,萬事通,b?n-s?-thong,,,,
165,落人,l?u-l?ng,,,,
166,落台,lo?h-t?i,,,,
167,賊仔車,tsha?t-?-tshia,,,,
168,跤尾紙,kha-bu?-tsu?/kha-b?-tsu?,,,,
169,跤後曲,kha-?u-khiau,,,,
170,跤捗,kha-p?o,,,,
171,跤麻手痺,kha-b?-tshi?-p?,,,,
172,路尾,l?o-bu?/l?o-b?,,,,
173,過路人,ku?-l?o-l?ng/k?-l?o-l?ng,,,,
174,過暝,ku?-m?/k?-m?,,,,
175,電火線,ti?n-hu?-su?nn/ti?n-h?-su?nn,,,,
176,電光片,ti?n-kong-ph?nn,,,,
177,電眼,ti?n-g?n,,,,
178,靴管,hia-k?ng,,,,
179,鼎筅,ti?nn-tsh?ng,,,,
180,嘔酸水,?u-sng-tsu?,,,,
181,實?,tsa?t-ham,,,,
182,實頭,tsa?t-th?u,,,,
183,對相,tu?-si?ng,又唸作tu?-si?ng,(c.f.,對象,)
184,對頭親,tu?-th?u-tshin,,,,
185,歌詩,kua-si,,,,
186,滾耍笑,k?n-s?g-tshi?,,,,
187,滾絞疼,k?n-k?-thi?nn,,,,
188,漚肥,au-pu?,,,,
189,漚屎,?u-s?i,,,,
190,漢學仔先,h?n-o?h-?-sian,,,,
191,算會和,s?g-?-h?,,,,
192,管仔粿,k?ng-?-ku?/k?ng-?-k?,,,,
193,粿模,ku?-b?o/k?-b?o,,,,
194,綠豆膨,l??k-t?u-ph?ng,,,,
195,網仔門,b?ng-?-mn?g,,,,
196,網紗油,b?ng-se-i?,,,,
197,認命,j?n-mi?/l?n-mi?,,,,
198,踅頭,se?h-th?u,,,,
199,銅管仔車,t?ng-k?ng-?-tshia,,,,
200,影跡,i?nn-tsiah,又唸作i?nn-jiah/i?nn-liah,,,
201,撐渡,the-t?o,又唸作thenn-t?o,,,
202,樂跎,lo?k-t?,,,,
203,樓栱,l?u-k?ng,,,,
204,磅針,p?ng-tsiam,,,,
205,箭竹仔筍,ts?nn-tik-?-s?n,,,,
206,蔭瓜仔,?m-kue-?,,,,
207,蝦笱,h?-k?,,,,
208,衛生箸,u?-sing-t?/u?-sing-t?,,,,
209,調羹仔,th?u-king-?,,,,
210,豬血粿,ti-hueh-ku?/tu-huih-k?,,,,
211,餒志,lu?-ts?,,,,
212,擔仔,t?nn-?,,,,
213,擔罪,tann-tsu?,,,,
214,澹水地,t?m-tsu?-t?/t?m-tsu?-tu?,,,,
215,糖粿,thn?g-ku?/thn?g-k?,,,,
216,貓貓相,niau-niau-si?ng,,,,
217,頭轉客,th?u-t?g-kheh,,,,
218,麭,ph?ng,,,,
219,?空,b?i-khang,,,,
220,嚇嚇叫,heh-heh-ki?,,,,
221,戲台,h?-t?i,,,,
222,糞埽市仔,p?n-s?-tsh?-?,,,,
223,總講一句,ts?ng-k?ng--ts??t-k?,,,,
224,總攬,ts?ng-l?m,,,,
225,趨冰,tshu-ping,,,,
226,繞境,ji?u-k?ng/li?u-k?ng,,,,
227,舊漚舊臭,k?-?u-k?-tsh?u,,,,
228,雜菜麵,tsa?p-tsh?i-m?,,,,
229,離跤手,l?-kha-tshi?,,,,
230,懶性,nu?-s?ng,,,,
231,曠闊,kh?ng-khuah,,,,
232,羹飯,kenn-pn?g/kinn-pn?g,,,,
233,藥水布,io?h-tsu?-p?o,,,,
234,顛倒反,tian-t?-p?ng,,,,
235,觸纏,tak-t?nn,,,,
236,鰇魚鬚,ji?-h?-tshiu/li?-h?-tshiu,,,,
237,鹹水,ki?m-tsu?,,,,
238,鹹水魚,ki?m-tsu?-h?/ki?m-tsu?-h?,,,,
239,鹹光餅,ki?m-kong-pi?nn,,,,
240,鹹梅,ki?m-mu?/ki?m-m?,又唸作ki?m-bu?,,,
241,鹹?,ki?m-k?/ki?m-ku?,,,,
242,?頭香,gia?h-th?u-hiunn,,,,
243,譴損,khi?n-s?g,,,,
244,聽筒,thiann-t?ng,,,,
245,罐頭開仔,ku?n-th?u-khui-?,,,,
246,戇工,g?ng-kang,,,,
247,鬱拗,ut-?u,又唸作ut-?unn,,,
248,鬱熱,ut-jua?h/ut-lua?h,,,,
249,??雨,si?n-h?o,,,,
250,嵻錢,g?n-ts?nn,,,,
251,酒甜,tsi?-tinn,,,,
252,菜鹹,tsh?i-ki?m,,,,
253,羹麵,kenn-m?,,,,
254,山崎,suann-ki?,,,,
265,頭路,th?u-l?o,,,,
265,枵,iau,,,,
266,熱,jua?h,,,,
266,刁工,thiau-kang,,,,
267,囡仔囝,g?n-?-ki?nn,,,,
267,討債,th?-ts?,,,,
268,佇,t?,,,,
268,,in,,,,
269,按呢,?n-ne,,,,
269,臆,ioh,,,,
270,愛,?i,,,,
270,共,k?,,,,
271,壓霸,?-p?,,,,
271,佮,kah,,,,
272,佮意,kah-?,,,,
272,家己,ka-t?,,,,
273,埕,ti?nn,,,,
273,工,kang,,,,
274,定定,ti?nn-ti?nn,,,,
274,改,k?i,,,,
275,尪,ang,,,,
275,翁,ang,,,,
276,定定,ti?nn-ti?nn,,,,
276,空,khang,,,,
277,後壁,?u-piah,,,,
277,顛倒,tian-t?,,,,
278,囥,kh?g,,,,
278,陣,t?n,,,,
279,目,ba?k,,,,
279,款,khu?n,,,,
280,鎮位,t?n-u?,,,,
280,徛,khi?,,,,
281,蠓,b?ng,,,,
281,炕,kh?ng,,,,
282,看覓,khu?nn-m?i,,,,
282,某,b?o,,,,
283,睏,kh?n,,,,
283,蠻皮,b?n-phu?,,,,
284,枝,ki,,,,
284,後日,?u-ji?t/?u--ji?t,,,,
285,老歲仔,l?u-hu?-?,,,,
285,粒仔,lia?p-?,,,,
286,鳥鼠,ni?u-tsh?,,,,
286,智識,t?-sik,,,,
287,見若,ki?n-n?,,,,
287,遮,tsia/tsi?,,,,
288,慣勢,ku?n-s?,,,,
288,張持,tiunn-t?,,,,
289,規,kui,,,,
289,頂,t?ng,,,,
290,爸,p?,,,,
290,閘,tsa?h,,,,
291,這,tse/tsit,,,,
291,尾,bu?,,,,
292,無彩,b?-tsh?i,,,,
292,夯,gi?,,,,
293,會,?,,,,
293,古錐,k?o-tsui,,,,
294,捌,bat/pat,,,,
294,的,?,,,,
295,拍,phah,,,,
295,芳,phang,,,,
296,摒,pi?nn,,,,
296,反,p?ng,,,,
297,歹,ph?inn,,,,
297,這,tsit,,,,
298,紮,tsah,,,,
298,閣,koh,,,,
299,爿,p?ng,,,,
299,歹勢,ph?inn-s?,,,,
300,阮,gu?n/g?n,,,,
300,葩,pha,,,,
301,站節,ts?m-tsat,,,,
301,知,tsai,,,,
302,鑿目,tsha?k-ba?k,,,,
302,細,s?,,,,
303,小可(仔),si?-khu?(-?),,,,
303,查某,tsa-b?o,,,,
304,通,thang,,,,
304,凊彩,tsh?n-tsh?i,,,,
305,濟,ts?,,,,
305,誠,tsi?nn,,,,
306,陷眠,h?m-b?n,,,,
306,成,tsi?nn,,,,
307,拄,t?,,,,
307,厝,tsh?,,,,
308,膨,ph?ng,,,,
308,彼,he,,,,
309,吼,h?u,,,,
309,遐,hia,,,,
310,後生,h?u-senn,,,,
310,遐的,hia--?,,,,
311,喙,tshu?,,,,
311,照起工,tsi?u-kh?-kang,,,,
312,燃,hi?nn,,,,
312,現,hi?n,,,,
313,?,su?,,,,
313,姑不而將,koo-put-j?-tsiong,,,,
314,傷,siunn,,,,
314,猶,i?u,,,,
315,代誌,t?i-ts?,,,,
315,現出,hi?n-tshut,,,,
316,雄雄,hi?ng-hi?ng,,,,
316,鬥,t?u,,,,
317,加,ka,,,,
317,明仔載,b?n-?-ts?i,,,,
318,蓋,kah,,,,
318,欲,beh,,,,
319,今,tann,,,,
319,較停仔,khah-th?ng(-?),,,,
320,乾,kuann,,,,
320,較,khah,,,,
321,青盲,tshenn-m?,,,,
321,扶,ph?o,,,,
322,彼,hit,,,,
322,呸,phu?,,,,
323,幾若,ku?-n?,,,,
323,翕,hip,,,,
324,落,lak,,,,
324,好佳哉,h?-ka-ts?i,,,,
325,咱,l?n,,,,
325,人,l?ng,,,,
326,籠床,l?ng-sn?g,,,,
326,刺,tshiah,,,,
327,咧,leh,,,,
327,予,h?o,,,,
328,煞,suah,,,,
328,胡蠅,h?o-s?n,,,,
329,掠,lia?h,,,,
329,法度,huat-t?o,,,,
330,連鞭,li?m-mi,,,,
330,作穡,tsoh-sit,,,,
331,?,lim,,,,
331,磅,p?ng,,,,
332,好勢,h?-s?,,,,
332,恁,l?n,,,,
333,磅空,p?ng-khang,,,,
333,冗,l?ng,,,,
334,兜,tau,,,,
334,攏,l?ng,,,,
335,挾,gia?p,,,,
335,緣投,ian-t?u,,,,
336,嘛,m?,,,,
336,毋,m,,,,
337,瓷仔,hu?-?,,,,
337,暝,m?/m?,,,,
338,陣,ts?n,,,,
338,拈,ni,,,,
339,份,h?n,,,,
339,?,th?i,,,,
340,呵咾,o-l?,,,,
340,蘋果,ph?ng-k?,,,,
341,親像,tshin-tshi?nn,,,,
341,中晝,tiong-t?u,,,,
342,都,to,,,,
342,罔,b?ng,,,,
343,著,tio?h,,,,
343,舞,b?,,,,
344,下,h?,,,,
344,戇,g?ng,,,,
345,逐,ta?k,,,,
345,好,h?nn,,,,
346,散赤,s?n-tshiah,,,,
346,現世,hi?n-s?,,,,
347,也,i?,,,,
347,喝,huah,,,,
348,拭,tshit,,,,
348,雜唸,tsa?p-li?m,,,,
349,數念,si?u-li?m,,,,
349,數想,si?u-si?nn,,,,
350,數,si?u,,,,
350,貧惰,p?n-tu?nn,,,,
351,啥,si?nn,,,,
351,踅,se?h,,,,
352,遮的,tsia--?,,,,
352,遮的,tsia-?,,,,
353,窒,that,,,,
353,生份,tshenn-h?n,,,,
354,新婦,sin-p?,,,,
354,一寡(仔),tsi?t-ku?(-?),,,,
355,冤家,uan-ke,,,,
355,趁,th?n,,,,
356,頓,t?g,,,,
356,熟似,si?k-s?i,,,,
357,清氣,tshing-kh?,,,,
357,隨,su?,,,,
358,耍,s?g,,,,
358,斡,uat,,,,
359,創治,tsh?ng-t?,,,,
359,四界,s?-k?,,,,
360,啄龜,tok-ku,,,,
360,盹龜,tuh-ku,,,,
361,斟,th?n,,,,
361,擲,t?n,,,,
362,鈕,li?,,,,
362,?,ui,,,,
363,舖,ph?o,,,,
363,勞力,l?o-la?t,,,,
364,喙脣,tshu?-t?n,,,,
364,杜蚓,t?o-k?n,,,,
365,若,n?,,,,
365,敢若,k?-n?,,,,
366,糞埽,p?n-s?,,,,
366,紲,su?,,,,
367,仝,k?ng/k?ng,,,,
367,眯,b?,,,,
368,跤,kha,,,,
368,呆,tai,,,,
369,軀,su,,,,
369,上,si?ng,,,,
370,奶,ling,,,,
370,貯,t?,,,,
371,有孝,i?-h?u,,,,
371,遮,jia,,,,
372,挖,?o/u?,,,,
372,???,tshit-th?,,,,
373,?,gia?h,,,,
373,?,sak,,,,
374,縖,h?,,,,
374,按怎,?n-tsu?nn,,,,
375,趖,s?,,,,
375,覕,bih,,,,
376,莫,m?i,,,,
376,袂,b?/bu?,,,,
377,拊,h?,,,,
377,焦,ta,,,,
378,捀,ph?ng,,,,
378,痟,si?u,,,,
379,隨在,su?-ts?i,,,,
379,煠,sa?h,,,,
380,散,su?nn,,,,
380,倚,u?,,,,
381,激,kik,,,,
381,澹,t?m,,,,
382,提,the?h,,,,
382,糋,ts?nn,,,,
383,冗剩,li?ng-si?ng,,,,
383,礙虐,g?i-gio?h,,,,
384,站,ts?m,,,,
384,鬱卒,ut-tsut,,,,
385,佗位,t?-u?,,,,
385,著,to?h,,,,
386,茈,ts?nn,,,,
386,序大,s?-tu?,,,,
387,笑咍咍,tshi?-hai-hai,,,,
387,漉喙,lok-tshu?,,,,
388,橐,lak,,,,
388,橐,lok,,,,
389,愣,g?ng,,,,
389,??仔,ph?n-?,,,,
390,盤撋,pu?nn-nu?,,,,
390,荏懶,l?m-nu?,,,,
391,乍,ts?nn,,,,
391,鑢,l?,,,,
392,攄,lu,,,,
392,礤,tshuah,,,,
393,漚,?u,,,,
393,癩,th?i-ko,,,,
394,凡勢,hu?n-s?,,,,
394,薅,khau,,,,
395,頷頸,?m-k?n,,,,
395,挾,nge?h,,,,
396,夾,ngeh,,,,
396,鋏,giap,,,,
397,爍爁,sih-nah,,,,
397,箠,tshu?,,,,
398,扭搦,li?-la?k,,,,
398,??,g?u,,,,
399,擽,ngiau,,,,
399,?,?n,,,,
400,??,si?n,,,,
400,苴,ts?,,,,
401,悾,khong,,,,
401,譀,h?m,,,,
402,?,khi?,,,,
402,疼,thi?nn,,,,
403,跍,kh?,,,,
403,?,ku,,,,
404,塗,th?o,,,,
404,偝,?inn,,,,
405,痛,th?ng,,,,
405,峇,b?,,,,
406,?,khau,,,,
406,揹,ph?inn,,,,
407,跙,tsh?,,,,
407,姑情,koo-tsi?nn,,,,
408,甲,kah,,,,
408,尻川,kha-tshng,,,,
409,規氣,kui-kh?,,,,
409,鬥相共,t?u-sann-k?ng,,,,
410,勼,kiu,,,,
410,瀾,nu?,,,,
411,滇,t?nn,,,,
411,櫼,tsinn,,,,
412,大官,ta-kuann,,,,
412,大家,ta-ke,,,,
413,梢聲,sau-siann,,,,
413,攢,tshu?n,,,,
414,糾,ki?,,,,
414,潘,phun,,,,
415,??,t?ng,,,,
415,昨昏,tsa-hng,,,,
416,蹔,ts?m,,,,
416,下,?,,,,
417,唚,tsim,,,,
417,草蜢仔,tsh?u-meh-?,,,,
418,舂,tsing,,,,
418,螿蜍,tsiunn-ts?,,,,
419,這馬,tsit-m?,,,,
419,逝,tsu?,,,,
420,水雞,tsu?-ke/su?-kue,,,,
420,炸,tsu?nn,,,,
421,搪,tn?g,,,,
421,駐,t?,,,,
422,綴,tu?,,,,
422,欶,suh/soh,,,,
423,剁,tok,,,,
423,囂俳,hiau-pia/hia-pai,,,,
424,干焦,kan-na,,,,
424,交懍恂,ka-l?n-s?n,,,,
425,家私,ke-si,,,,
425,家婆,ke-p?,,,,
426,骨力,kut-la?t,,,,
426,狹,e?h,,,,
427,掔,khian,,,,
427,冇,ph?nn,,,,
428,掰,pu?/p?/p?r,,,,
428,泔,?m,,,,
429,曷,a?h/ia?h,,,,
429,漚,?u,,,,
430,餾,li?,,,,
430,?,khi?ng,,,,
431,茉莉,ba?k-n?,,,,
431,袂當,b?-t?ng/bu?-t?ng,,,,
432,目屎,ba?k-s?i,,,,
432,?,b?i,,,,
433,?,l?ng,,,,
433,杙,khi?t,,,,
434,殕,ph?,,,,
434,沬,b?,,,,
435,汫,tsi?nn,,,,
435,敲,kh?,,,,
436,?,k?,,,,
436,捎,sa,,,,
437,相借問,sio-tsioh-mn?g,,,,
437,?,piak,,,,
438,齒戳（仔）,kh?-thok(-?),,,,
438,磅米芳,p?ng-b?-phang,,,,
439,拍呃,phah-eh,,,,
439,鉎,sian,,,,
440,生,senn,,,,
440,越,ua?t,,,,
441,捧,ph?ng,,,,
441,啥物,si?nn-mih,,,,
442,盤,pu?nn,,,,
442,液,sio?h,,,,
443,?,oh,,,,
444,霆,t?n,,,,
445,薟,hiam,,,,
446,抨,phiann,,,,
447,跤頭趺,kha-th?u-u,,,,
448,蚵,?,,,,
449,捅,th?ng,,,,
450,倯,s?ng,,,,
451,挩,thuah,,,,
452,受氣,si?-kh?,,,,
453,?,?g,,,,
454,忝,thi?m,,,,
455,沓,ta?uh,,,,
456,迵,th?ng,,,,
457,敨,th?u,,,,
458,褫,th?,,,,
459,掣,tshuah,,,,
460,疶,tshuah,,,,
461,扦,tshuann,,,,
462,才調,ts?i-ti?u,,,,
463,炊,tshue,,,,
464,賰,tshun,,,,
465,喙?,tshu?-phu?,,,,
466,?,ts?,,,,
467,?,n?g,,,,
468,才,tsiah,,,,
469,遮,tsiah,,,,
470,寂寞,tsi?k-bo?k,,,,
471,食,tsia?h,,,,
472,煎,tsian,,,,
473,針黹,tsiam-ts?,,,,
474,斟酌,tsim-tsiok,,,,
475,從,ts?ng,,,,
476,舐,ts?nn/tsn?g/tsu?nn/ts?,,,,
477,少,tsi?,,,,
478,守,tsi?,,,,
479,咒誓,tsi?-tsu?,,,,
480,昨日,tso?h--ji?t,,,,
481,做伙,ts?-hu?,,,,
482,就,tsi?,,,,
483,煎,tsuann,,,,
484,欉,ts?ng,,,,
485,蹛,tu?,,,,
486,怨嘆,u?n-th?n,,,,
487,撞,t?ng,,,,
488,?,tu?h,,,,
489,注,t?,,,,
490,斡,uat,,,,
491,晏,u?nn,,,,
492,搵,?n,,,,
493,走,ts?u,,,,
494,灶,ts?u,,,,
495,節,tsat,,,,
496,身軀,sin-khu,,,,
497,承,s?n,,,,
498,四秀（仔）,s?-si?(-?),,,,
499,失志,sit-ts?,,,,
500,岫,si?,,,,
501,挲,so,,,,
502,鎖匙,s?-s?,,,,
503,索,soh,,,,
504,思慕,su-b?o,,,,
505,徙,su?,,,,
506,漩,su?n,,,,
507,璇石,su?n,,,,
508,巡,s?n,,,,
509,罩,t?,,,,
510,淡薄(仔),t?m-po?h(-?),,,,
511,冬,tang,,,,
512,當時,tang-s?,,,,
513,凍霜,t?ng-sng,,,,
514,硩,teh,,,,
515,透早,th?u-ts?,,,,
516,頭,th?u,,,,
517,走,ts?u,,,,
518,退,th?,,,,
519,實,tsa?t,,,,
520,替換,th?-u?nn,,,,
521,褫,th?,,,,
522,清芳,tshing-phang,,,,
523,褪,th?g,,,,
524,?,th?n,,,,
525,土,th?o,,,,
526,鮮,tshinn,,,,
527,走味,ts?u-b?,,,,
528,拖,thua,,,,
529,創,tsh?ng,,,,
530,曲,khiau,,,,
531,托,thuh,,,,
532,鈷,k?o,,,,
533,黜,thuh,,,,
534,屜,thuah,,,,
535,坉,th?n,,,,
536,箸,t?,,,,
537,蟧蜈,l?-gi?,,,,
538,踮,ti?m,,,,
539,牢,ti?u,,,,
540,鼎,ti?nn,,,,
541,親情,tshin-tsi?nn,,,,
542,趨,tshu,,,,
543,?,tshi?u,,,,
544,??,tshu?,,,,
